世代,デジモン名,進化先一覧,種族,属性,番号
幼年期I,バブモン,モチモン/ピョコモン/タネモン,フリー,無,2
幼年期I,プニモン,ニャロモン/ツノモン,フリー,無,3
幼年期I,ボタモン,コロモン/ワニャモン,フリー,無,4
幼年期I,ポヨモン,プカモン/トコモン,フリー,無,5
幼年期II,コロモン,アグモン/ギルモン/トイアグモン/ドラコモン/ハックモン/シャウトモン,フリー,火,7
幼年期II,タネモン,パルモン/？？？/ララモン/レナモン,フリー,草木,8
幼年期II,ツノモン,ガブモン/ガブモン(黒)/ゴブリモン/ズバモン/ブイモン/？？？,フリー,地面,9
幼年期II,ツメモン,？？？/ケラモン/ドラクモン/ピコデビモン,フリー,闇,10
幼年期II,トコモン,パタモン/ファルコモン/ホークモン/？？？/？？？,フリー,無,11
幼年期II,ニャロモン,アルマジモン/？？？/プロットモン/ルナモン,フリー,光,12
幼年期II,パグモン,ガジモン/インプモン/ロップモン/チューモン,フリー,闇,13
幼年期II,ピョコモン,エレキモン/ピヨモン/マッシュモン/ワームモン,フリー,草木,14
幼年期II,プカモン,ベタモン/ゴマモン/オタマモン/シャコモン,フリー,水,15
幼年期II,モチモン,ゴツモン/ハグルモン/テントモン/ソーラーモン,フリー,無,16
幼年期II,ワニャモン,ドルモン/ガオモン/クダモン/リュウダモン,フリー,風,17
成長期,アグモン,グレイモン/ジオグレイモン/ティラノモン/スカモン/メラモン/？？？,ワクチン,火,18
成長期,アルマジモン,アンキロモン/ゲレモン/ゴールドヌメモン/ゴーレモン/サイクロモン/タンクモン,フリー,地面,21
成長期,インプモン,バケモン/オーガモン/ソーサリモン/ブラックテイルモン/ウィザーモン/アイスデビモン,ウィルス,闇,22
成長期,エレキモン,ガルルモン/レオモン/ナニモン/スカモン/ガルルモン(黒)/ゲレモン,データ,電気,23
成長期,オタマモン,カラツキヌメモン/ゲコモン/シードラモン/シーラモン/ヌメモン/レアモン,ウィルス,水,24
成長期,ガジモン,ドルガモン/ガオガモン/レオモン/クリサリモン/ナニモン/ガルルモン(黒),ウィルス,闇,26
成長期,ガブモン,ガルルモン/ドルガモン/ヌメモン/ブイドラモン/ユキダルモン/？？？,データ,火,27
成長期,ガブモン(黒),ガルルモン(黒)/ベジーモン/ユキダルモン/レアモン/レッパモン,ウィルス,火,28
成長期,ギルモン,グラウモン/？？？/ジオグレイモン/ティラノモン/メラモン/？？？,ウィルス,火,29
成長期,クダモン,エンジェモン/ゴールドヌメモン/ペックモン/レッパモン/？？？,ワクチン,光,30
成長期,ゴツモン,アイスモン/アンキロモン/クロックモン/ゴーレモン/スターモン/タンクモン,データ,地面,32
成長期,ゴブリモン,オーガモン/ガオガモン/グラウモン/？？？/コアドラモン(緑)/ナニモン,ウィルス,地面,33
成長期,ゴマモン,アイスモン/アンキロモン/イッカクモン/ストライクドラモン/ソーサリモン/ユキダルモン,ワクチン,水,34
成長期,シャコモン,イッカクモン/カラツキヌメモン/ゲコモン/シードラモン/シーラモン,ウィルス,水,35
成長期,ズバモン,？？？/？？？/ゴールドヌメモン/ギンリュウモン,ワクチン,無,36
成長期,ソーラーモン,ガードロモン(金)/クロックモン/ゲレモン/ゴーレモン/スターモン/メラモン,ワクチン,光,37
成長期,チューモン,スカモン/ナニモン/ブラックテイルモン/レアモン,ウィルス,地面,38
成長期,テントモン,ガブテリモン/ワスプモン/クワガーモン/スティングモン/サンフラウモン,ワクチン,草木,40
成長期,トイアグモン,ガードロモン/ガードロモン(金)/グレイモン/クロックモン/スカモン/スターモン,ワクチン,無,41
成長期,ドラクモン,サングルゥモン/デビモン/レアモン/シスタモンノワール/？？？,ウィルス,闇,42
成長期,ドルモン,ガードロモン/サイクロモン/ドルガモン/ラプタードラモン/ワスプモン,データ,無,44
成長期,パタモン,エクスブイモン/エンジェモン/テイルモン/バードラモン/ユニモン/レッパモン,データ,風,46
成長期,ハックモン,グレイモン/ジオグレイモン/？？？/？？？/プラチナスカモン/モノクロモン,データ,火,47
成長期,パルモン,ウッドモン/クワガーモン/サンフラウモン/？？？/トゲモン/ベジーモン,データ,草木,48
成長期,ピコデビモン,バケモン/デビモン/キュウビモン/クリサリモン/アイスデビモン,ウィルス,闇,49
成長期,ピヨモン,アクィラモン/エアドラモン/カブテリモン/キュウビモン/バードラモン,ワクチン,風,50
成長期,ファルコモン,スティングモン/エクスブイモン/アクィラモン/ペックモン,ワクチン,風,51
成長期,ブイモン,エクスブイモン/ストライクドラモン/ブイドラモン/？？？/フレイドラモン/マグナモン,フリー,無,53
成長期,プロットモン,ソーサリモン/テイルモン/？？？/ブイドラモン/レッパモン/ユキダルモン,ワクチン,光,54
成長期,ベタモン,エアドラモン/カラツキヌメモン/ゲコモン/シードラモン/ヌメモン/ベジーモン,ウィルス,水,55
成長期,ホークモン,アクィラモン/エアドラモン/バードラモン/ペックモン/メラモン,フリー,風,56
成長期,マッシュモン,ウッドモン/サンフラウモン/？？？/ベジーモン,ウィルス,草木,57
成長期,ララモン,サンフラウモン/トゲモン/ベジーモン/ウッドモン,データ,草木,59
成長期,ルナモン,サングルゥモン/テイルモン/レキスモン/シスタモンノワール,データ,水,61
成長期,レナモン,ウッドモン/ガルルモン/キュウビモン/ブラックテイルモン/トゥルイエモン/レキスモン,データ,草木,62
成長期,ロップモン,ウィザーモン/ガルゴモン/？？？/デビモン/トゥルイエモン/ブラックテイルモン,データ,地面,63
成長期,ワームモン,アイスデビモン/カブテリモン/クワガーモン/スティングモン/ワスプモン/？？？,フリー,草木,64
成熟期,アイスデビモン,ヴァンデモン/ジュレイモン/ダゴモン/レディーデビモン/？？？,ウィルス,水,65
成熟期,アイスモン,インセキモン/パンジャモン/？？？,データ,水,66
成熟期,アクィラモン,エアロブイドラモン/ガルダモン/？？？/ヒポグリフォモン/ヤタガラモン,フリー,風,67
成熟期,アンキロモン,インセキモン/グラウンドラモン/シャッコウモン/スカルグレイモン/ホーリーエンジェモン,フリー,地面,70
成熟期,イッカクモン,トリケラモン/？？？/ホエーモン/マッハガオガモン,ワクチン,水,71
成熟期,ウィザーモン,ヴァンデモン/デスメラモン/ファントモン/ワイズモン,データ,闇,72
成熟期,ウッドモン,ジュレイモン/パンプモン/？？？,ウィルス,草木,74
成熟期,エアドラモン,？？？/メガシードラモン/メガドラモン/メタルグレイモン,ワクチン,風,75
成熟期,エクスブイモン,？？？/？？？/？？？/ホーリーエンジェモン/ライズグレイモン,フリー,無,76
成熟期,エンジェモン,ガルダモン/シャッコウモン/セイバーハックモン/ヒポグリフォモン/ホーリーエンジェモン,ワクチン,光,77
成熟期,オーガモン,スカルサタモン/デジタマモン/デスメラモン/ワーガルルモン,ウィルス,地面,78
成熟期,ガードロモン,アンドロモン/キャッチマメモン/グラップレオモン/ナノモン/メタルマメモン,ウィルス,電気,79
成熟期,ガードロモン(金),アンドロモン/グレイドモン/デュラモン/？？？/マグナモン,フリー,電気,80
成熟期,ガオガモン,グラップレオモン/マッハガオガモン/ワーガルルモン,データ,風,81
成熟期,カブテリモン,アトラーカブテリモン/ジュレイモン/ライラモン,ワクチン,草木,82
成熟期,カラツキヌメモン,ブラックキングヌメモン/メガシードラモン/トノサマゲコモン,ウィルス,水,83
成熟期,ガルルモン,ドルグレモン/パンジャモン/ワーガルルモン/？？？,ワクチン,火,85
成熟期,ガルルモン(黒),パンダモン/ブルーメラモン/マッハガオガモン/？？？,ウィルス,火,86
成熟期,キュウビモン,レディーデビモン/もんざえモン/？？？,データ,火,87
成熟期,グラウモン,ギガドラモン/メガログラウモン/メタルグレイモン/メタルティラノモン,ウィルス,火,88
成熟期,クリサリモン,インフェルモン/サイバードラモン/？？？/？？？,フリー,闇,89
成熟期,クロックモン,アンドロモン/ナイトモン/ナノモン/ワイズモン,データ,電気,92
成熟期,クワガーモン,ジュレイモン/オオクワモン/キャノンビーモン,ウィルス,草木,93
成熟期,ゲコモン,メガシードラモン/トノサマゲコモン/ホエーモン,ウィルス,水,94
成熟期,ゲレモン,エテモン/スーパースターモン/メタルマメモン,ウィルス,電気,95
成熟期,コアドラモン(緑),トリケラモン/グラウンドラモン/メガログラウモン,ウィルス,地面,97
成熟期,ゴーレモン,インセキモン/パンプモン/ボルケーモン,ウィルス,地面,99
成熟期,サイクロモン,メガドラモン/ドルグレモン/ナノモン,ウィルス,地面,100
成熟期,サングルゥモン,ヴァンデモン/？？？/マタドゥルモン/？？？,ウィルス,闇,101
成熟期,サンフラウモン,エンジェウーモン/ライラモン/リリモン,データ,草木,102
成熟期,シードラモン,トノサマゲコモン/メガシードラモン/ホエーモン/ヒシャリュウモン,データ,水,103
成熟期,シーラモン,アンドロモン/ダゴモン/メガシードラモン/ヒシャリュウモン,データ,水,104
成熟期,ジオグレイモン,ギガドラモン/グラウンドラモン/スカルグレイモン/ライズグレイモン,ワクチン,火,105
成熟期,スターモン,キャッチマメモン/クレシェモン/スーパースターモン/マメモン/メタルマメモン,データ,無,107
成熟期,ストライクドラモン,サイバードラモン/セイバーハックモン/ワーガルルモン,ワクチン,地面,109
成熟期,ソーサリモン,アンティラモン/ピッコロモン/ワイズモン,ワクチン,水,111
成熟期,タンクモン,アンドロモン/ギガドラモン/キャノンビーモン/ナイトモン/ボルケーモン,データ,電気,112
成熟期,テイルモン,エンジェウーモン/？？？/パンダモン/リリモン,ワクチン,光,115
成熟期,デビモン,インフェルモン/ヴァンデモン/スカルサタモン/ブルーメラモン/メタルグレイモン(青),ウィルス,闇,116
成熟期,トゥルイエモン,アンティラモン/サイバードラモン/もんざえモン,データ,地面,117
成熟期,ドルガモン,グレイドモン/チィリンモン/ドルグレモン/ライズグレイモン,データ,地面,119
成熟期,ナニモン,デジタマモン/スーパースターモン/インセキモン,ウィルス,地面,120
成熟期,ヌメモン,ブラックキングヌメモン/エテモン/もんざえモン,ウィルス,地面,121
成熟期,バケモン,ヴァンデモン/パンプモン/ファントモン/ブルーメラモン/マタドゥルモン/レディーデビモン,ウィルス,闇,124
成熟期,ブイドラモン,エアロブイドラモン/サイバードラモン/メタルティラノモン/メガログラウモン,ワクチン,風,125
成熟期,ブラックテイルモン,サイバードラモン/ナイトモン/レディーデビモン/？？？,ウィルス,闇,128
成熟期,ベジーモン,デジタマモン/ライラモン/アトラーカブテリモン,ウィルス,草木,129
成熟期,ペックモン,アンティラモン/ピッコロモン/ヤタガラモン,ワクチン,風,130
成熟期,メラモン,デスメラモン/パンジャモン/ブルーメラモン/ボルケーモン/マメモン/？？？,データ,火,131
成熟期,モノクロモン,スカルグレイモン/トリケラモン/メタルティラノモン,データ,地面,132
成熟期,ユキダルモン,エンジェウーモン/クレシェモン/？？？/もんざえモン,ワクチン,水,133
成熟期,ユニモン,ピッコロモン/ヒポグリフォモン/ホーリーエンジェモン,ワクチン,風,134
成熟期,ラプタードラモン,ギガドラモン/グレイドモン/デュラモン/ドルグレモン,ワクチン,無,135
成熟期,レアモン,スカルサタモン/ダゴモン/ファントモン/ブラックキングヌメモン/メタルグレイモン(青),ウィルス,地面,136
成熟期,レオモン,インセキモン/グラップレオモン/グレイドモン/パンジャモン/メタルグレイモン,ワクチン,地面,137
成熟期,レキスモン,アンティラモン/クレシェモン/マッハガオガモン,データ,水,138
成熟期,レッパモン,ラピッドモン/ピッコロモン/チィリンモン,ワクチン,光,139
成熟期,ワスプモン,キャノンビーモン/ラピッドモン/アトラーカブテリモン/オオクワモン,ウィルス,電気,140
成熟期,アトラーカブテリモン,？？？/？？？/？？？,ワクチン,草木,141
完全体,アンティラモン,ケルビモン(善)/ディアボロモン/ディアナモン/？？？,データ,無,143
完全体,インセキモン,イーバモン/メタルエテモン/ディアナモン,データ,地面,145
完全体,インフェルモン,？？？/ディアボロモン/？？？/？？？,フリー,闇,146
完全体,キャッチマメモン,ジャスティモン/？？？/プリンスマメモン,データ,電気,157
完全体,キャノンビーモン,？？？/？？？/タイガーヴェスパモン,ウィルス,電気,158
完全体,グラウンドラモン,？？？/？？？/？？？,ウィルス,地面,159
完全体,グレイドモン,アルファモン/タイガーヴェスパモン/？？？/？？？/オウリュウモン,ワクチン,無,161
完全体,クレシェモン,ケルビモン(善)/スレイプモン/ディアナモン,データ,水,162
完全体,サイバードラモン,ジャスティモン/？？？/アルファモン,ワクチン,闇,163
完全体,スカルサタモン,ディアボロモン/？？？/グランドラクモン,ウィルス,闇,169
完全体,セイバーハックモン,？？？/？？？/？？？,データ,火,171
完全体,ダゴモン,イーバモン/ネプトゥーンモン/？？？,ウィルス,水,173
完全体,チィリンモン,メタルガルルモン/？？？/スレイプモン,ワクチン,光,174
完全体,デジタマモン,ミネルヴァモン/？？？/？？？,データ,無,176
完全体,デスメラモン,？？？/？？？/ボルトモン,データ,火,177
完全体,デュラモン,タイガーヴェスパモン/？？？/？？？,ワクチン,無,178
完全体,トリケラモン,？？？/？？？/？？？,データ,地面,180
完全体,ドルグレモン,アルファモン/スレイプモン/？？？/？？？,データ,火,181
完全体,ナノモン,ムゲンドラモン/メタルガルルモン(黒)/？？？,ウィルス,電気,183
完全体,パンジャモン,バンチョーレオモン/？？？/？？？,ワクチン,水,185
完全体,パンダモン,？？？/ジャスティモン/バンチョーレオモン,データ,地面,186
完全体,パンプモン,ボルトモン/？？？/ロゼモン,データ,地面,187
完全体,ピッコロモン,ホウオウモン/？？？/？？？,データ,光,188
完全体,ファントモン,？？？/？？？/バルバモン,ウィルス,闇,190
完全体,ホエーモン,ネプトゥーンモン/プレシオモン/？？？/？？？,ワクチン,水,194
完全体,ホーリーエンジェモン,？？？/？？？/？？？/？？？/ロードナイトモン,ワクチン,光,195
完全体,ボルケーモン,？？？/？？？/メタルエテモン,データ,火,196
完全体,マタドゥルモン,？？？/グランドラクモン/？？？,ウィルス,闇,197
完全体,マッハガオガモン,？？？/バンチョーレオモン/？？？/？？？,データ,風,198
完全体,メガシードラモン,ネプトゥーンモン/プレシオモン/メタルシードラモン/？？？,データ,水,200
完全体,メガログラウモン,？？？/？？？/デュークモン/？？？/？？？,ウィルス,火,202
完全体,もんざえモン,ミネルヴァモン/サクヤモン/？？？,ワクチン,無,207
完全体,ヤタガラモン,？？？/？？？/ミネルヴァモン/？？？/オウリュウモン,ワクチン,風,208
完全体,ライズグレイモン,ガイオウモン/？？？/？？？,ワクチン,火,209
完全体,ライラモン,？？？/ロトスモン/ロゼモン,データ,草木,210
完全体,レディーデビモン,？？？/ロトスモン/？？？,ウィルス,闇,214
究極体,グランドラクモン,,ウィルス,闇,238
究極体,ジャスティモン,,ワクチン,光,250
究極体,ディアボロモン,？？？,フリー,闇,260
究極体,ロトスモン,,データ,草木,309
アーマー体,フレイドラモン,,フリー,火,323
,シャウトモン,？？？,フリー,火,326
成熟期,ギンリュウモン,ヒシャリュウモン/キャノンビーモン/メガシードラモン,ワクチン,無,329
完全体,ヒシャリュウモン,オウリュウモン/ガイオウモン/？？？/ミネルヴァモン,ワクチン,無,330
究極体,オウリュウモン,？？？,ワクチン,無,331
成熟期,シスタモンノワール,レディーデビモン/パンダモン/？？？,ウィルス,光,335
完全体,ヒポグリフォモン,？？？/？？？/セラフィモン,データ,風,189
完全体,ナイトモン,クレニアムモン/デュランダモン/ドゥフトモン/ロードナイトモン,データ,無,182
完全体,エテモン,？？？/？？？/？？？/？？？/メタルエテモン,ウィルス,闇,151
究極体,ネプトゥーンモン,,ワクチン,水,268
成熟期,ティラノモン,マメモン/メガドラモン/メタルグレイモン(青)/メタルティラノモン,データ,火,114
究極体,ケルビモン(善),,ワクチン,光,243
究極体,ディアナモン,,データ,水,259
完全体,メタルグレイモン(青),ブラックウォーグレイモン/ガイオウモン/ウォーグレイモン/？？？,ウィルス,火,204
成熟期,グレイモン,メタルグレイモン/メタルグレイモン(青)/メガドラモン/スカルグレイモン,ワクチン,火,90
完全体,オオクワモン,ディアボロモン/グランクワガーモン/ヘラクルカブテリモン,ウィルス,草木,153
成熟期,プラチナスカモン,エテモン/キャッチマメモン/ベーダモン/メタルマメモン,ウィルス,無,127
成長期,ケラモン,ウィザーモン/クリサリモン/バケモン/プラチナスカモン/？？？,フリー,闇,31